serial_nbr,service_end_date,contract_nbr
00MM0J0,2019-09-13,
00MM0J0,2019-09-13,
78T81B0,2023-05-26,A532G4
78T8202,2023-05-26,A532G4
78T8203,2023-05-26,A532G4
78T820C,2023-05-26,A532G4
78T8211,2023-05-26,A532G4
78T8212,2023-05-26,A532G4
78T821B,2023-05-26,A532G4
78T821E,2023-05-26,A532G4
781BK04,2021-08-26,A07ZJR
781BW60,2021-08-29,AT7QJF
781BW72,2021-08-26,AQ7QJ6
781E803,2019-08-14,A275HK
781E803,2020-08-14,A275HK
781E803,2019-08-14,A275HK
781E814,2019-08-14,AD75HD
781E814,2020-08-14,AD75HD
781E814,2019-08-14,AD75HD
781E846,2019-08-11,AP7NFB
781E846,2019-08-11,AP7NFB
781E846,2020-08-11,AP7NFB
00BA262,2016-06-21,
00BA262,2016-06-21,
00BA262,2018-06-21,AB49BT
00BA262,2020-12-16,AR09FF
00BA262,2018-12-16,AK9BF5
00BA262,2019-12-16,AW8HCX
0023470,2014-12-16,AR09FF
0023470,2019-12-16,AW8HCX
0023470,2020-12-16,AR09FF
0023470,2018-12-16,AK9BF5
0023470,2014-12-16,AR09FF
009F2AG,2019-03-27,AP1WG4
009F2AG,2019-03-27,AP1WG4
00BD4EG,2020-02-09,AVBJD2
00BD4EG,2020-02-09,AVBJD2
13D0C15,2016-08-06,
13D0C15,2016-08-06,
78H0209,2018-02-09,
78H0209,2018-02-09,
78H023Z,2018-02-09,
78H023Z,2018-02-09,
78H024C,2018-02-09,
78H024C,2018-02-09,
78H02AH,2018-02-09,
78H02AH,2018-02-09,
78H02B6,2018-02-09,
78H02B6,2018-02-09,
78K0063,2018-02-09,
78K0063,2018-02-09,
78K00Y9,2017-02-23,
78K00Y9,2017-02-23,
78K00YB,2017-02-23,
78K00YB,2017-02-23,
78K0107,2017-02-23,
78K0107,2017-02-23,
78K0108,2017-02-23,
78K0108,2017-02-23,
78K0109,2017-02-23,
78K0109,2017-02-23,
78K010C,2017-02-23,
78K010C,2017-02-23,
0084607,2014-12-16,AR09FF
0084607,2014-12-16,AR09FF
0084607,2020-12-16,AR09FF
0084607,2019-12-16,AW8HCX
0084607,2018-12-16,AK9BF5
004570A,2019-02-17,AP1WG4
004570A,2019-02-17,AP1WG4
004571A,2019-02-17,AP1WG4
004571A,2019-02-17,AP1WG4
005F4CA,2020-01-05,AVBJD2
005F4CA,2020-01-05,AVBJD2
005F4DA,2020-01-05,AVBJD2
005F4DA,2020-01-05,AVBJD2
00003FA,2019-08-15,
00003FA,2019-08-15,
000041A,2019-08-15,
000041A,2019-08-15,
00004AA,2019-08-15,
00004AA,2019-08-15,
00004CA,2019-08-15,
00004CA,2019-08-15,
00D0F05,2017-08-16,
00D0F05,2019-12-16,AW8HCX
00D0F05,2018-06-21,A175C3
00D0F05,2017-08-16,
00D0F05,2018-12-16,AK9BF5
00D0F05,2020-12-16,AR09FF
00D0F0C,2017-08-16,
00D0F0C,2018-06-21,A175C3
00D0F0C,2017-08-16,
00D0F0C,2018-12-16,AK9BF5
00D0F0C,2019-12-16,AW8HCX
00D0F0C,2020-12-16,AR09FF
00D16E5,2018-05-22,
00D16E5,2018-05-22,
00D17C9,2018-05-22,
00D17C9,2018-05-22,
00D17F1,2018-05-22,
00D17F1,2018-05-22,
00B604D,2018-12-16,AK9BF5
00B604D,2016-06-21,
00B604D,2018-06-21,AB49BT
00B604D,2016-06-21,
00B604D,2019-12-16,AW8HCX
00B6052,2016-06-21,
00B6052,2016-06-21,
00B6052,2019-12-16,AW8HCX
00B6052,2018-12-16,AK9BF5
00B6052,2018-06-21,AB49BT
00B6054,2016-06-21,
00B6054,2016-06-21,
00B6054,2018-06-21,AB49BT
00B6054,2018-12-16,AK9BF5
00B6054,2019-12-16,AW8HCX
00B6056,2016-06-21,
00B6056,2019-12-16,AW8HCX
00B6056,2018-06-21,AB49BT
00B6056,2016-06-21,
00B6056,2018-12-16,AK9BF5
00B6057,2016-06-21,
00B6057,2016-06-21,
00B6057,2018-12-16,AK9BF5
00B6057,2019-12-16,AW8HCX
00B6057,2018-06-21,AB49BT
00B6058,2016-06-21,
00B6058,2018-12-16,AK9BF5
00B6058,2018-06-21,AB49BT
00B6058,2016-06-21,
00B6058,2019-12-16,AW8HCX
00B6060,2018-12-16,AK9BF5
00B6060,2019-12-16,AW8HCX
00B6060,2016-06-21,
00B6060,2018-06-21,AB49BT
00B6060,2016-06-21,
00B6062,2018-12-16,AK9BF5
00B6062,2016-06-21,
00B6062,2019-12-16,AW8HCX
00B6062,2016-06-21,
00B6062,2018-06-21,AB49BT
00B6068,2016-06-21,
00B6068,2018-12-16,AK9BF5
00B6068,2016-06-21,
00B6068,2018-06-21,AB49BT
00B6068,2019-12-16,AW8HCX
00B606B,2016-06-21,
00B606B,2016-06-21,
00B606B,2018-12-16,AK9BF5
00B606B,2019-12-16,AW8HCX
00B606B,2018-06-21,AB49BT
00B606E,2016-06-21,
00B606E,2018-12-16,AK9BF5
00B606E,2018-06-21,AB49BT
00B606E,2016-06-21,
00B606E,2019-12-16,AW8HCX
00B6078,2016-06-21,
00B6078,2018-06-21,AB49BT
00B6078,2016-06-21,
00B6078,2018-12-16,AK9BF5
00B6078,2019-12-16,AW8HCX
00DA310,2018-05-22,
00DA310,2018-05-22,
00FA595,2016-06-21,
00FA595,2018-06-21,AB49BT
00FA595,2020-12-16,AR09FF
00FA595,2016-06-21,
00FA595,2018-12-16,AK9BF5
00FA595,2019-12-16,AW8HCX
78A0D3A,2023-06-01,A532G4
78A0D4A,2023-06-01,A532G4
10TAAEP,2023-05-17,A532G4
10TAAFM,2023-05-17,A532G4
00301EB,2021-01-15,
003020B,2021-01-15,
003021B,2021-01-15,
003022B,2021-01-15,
003025B,2021-01-15,
00302BB,2021-01-15,
00302EB,2021-01-15,
003032B,2021-01-15,
781BP47,2021-08-26,A07ZJR
781BP53,2021-08-26,AQ7QJ6
781BP94,2021-08-26,AQ7QJ6
781BP95,2021-08-29,AT7QJF
781BP99,2021-08-26,AQ7QJ6
781BR08,2021-08-26,AQ7QJ6
781BR09,2021-08-26,A07ZJR
781BR11,2021-08-26,AQ7QJ6
781BR25,2021-08-26,A07ZJR
781BR39,2021-08-29,AT7QJF
781BR43,2021-08-26,AQ7QJ6
781BR45,2021-08-29,AT7QJF
781BR46,2021-08-26,AQ7QJ6
781BR50,2021-08-26,A07ZJR
781BX80,2021-08-29,AT7QJF
781BX93,2021-08-29,AT7QJF
781BY04,2021-08-29,AT7QJF
781BY11,2021-08-29,AT7QJF
781BY12,2021-08-26,A07ZJR
781BY13,2021-08-29,AT7QJF
781BY16,2021-08-26,A07ZJR
781BY19,2021-08-29,AT7QJF
781E300,2019-08-14,A275HK
781E300,2020-08-14,A275HK
781E300,2019-08-14,A275HK
781E302,2019-08-14,AD75HD
781E302,2019-08-14,AD75HD
781E302,2020-08-14,AD75HD
781E632,2019-08-14,AD75HD
781E632,2020-08-14,AD75HD
781E632,2019-08-14,AD75HD
781E665,2019-08-14,AD75HD
781E665,2020-08-14,AD75HD
781E665,2019-08-14,AD75HD
781E680,2020-08-14,AD75HD
781E680,2019-08-14,AD75HD
781E680,2019-08-14,AD75HD
781E684,2019-08-14,A275HK
781E684,2020-08-14,A275HK
781E684,2019-08-14,A275HK
781E685,2019-08-14,A275HK
781E685,2019-08-14,A275HK
781E685,2020-08-14,A275HK
781E700,2019-08-14,A275HK
781E700,2020-08-14,A275HK
781E700,2019-08-14,A275HK
781E707,2019-08-14,A275HK
781E707,2020-08-14,A275HK
781E707,2019-08-14,A275HK
781E716,2019-08-14,A275HK
781E716,2020-08-14,A275HK
781E716,2019-08-14,A275HK
781E717,2019-08-14,AD75HD
781E717,2019-08-14,AD75HD
781E717,2020-08-14,AD75HD
781E741,2019-08-14,AD75HD
781E741,2020-08-14,AD75HD
781E741,2019-08-14,AD75HD
781E970,2020-08-11,AP7NFB
781E970,2019-08-11,AP7NFB
781E970,2019-08-11,AP7NFB
781F009,2019-08-11,AP7NFB
781F009,2020-08-11,AP7NFB
781F009,2019-08-11,AP7NFB
781F023,2019-08-11,AP7NFB
781F023,2020-08-11,AP7NFB
781F023,2019-08-11,AP7NFB
781F025,2019-08-11,AP7NFB
781F025,2020-08-11,AP7NFB
781F025,2019-08-11,AP7NFB
781F076,2019-08-11,AP7NFB
781F076,2020-08-11,AP7NFB
781F076,2019-08-11,AP7NFB
781F085,2019-08-11,AP7NFB
781F085,2019-08-11,AP7NFB
781F085,2020-08-11,AP7NFB
00456FA,2019-02-17,AP1WG4
00456FA,2019-02-17,AP1WG4
7821284,2018-01-02,2011749813
78ZZ0MM,2018-04-13,2011764409
78ZZ0MN,2018-04-13,2011764409
7815682,2018-01-04,2011749813
7815688,2018-01-04,2011749813
7815724,2018-01-04,2011749813
7815726,2018-01-04,2011749813
78ZZ0VE,2018-04-20,2011764409
78ZZ0W7,2018-04-20,2011764409
78ZZ0W8,2018-04-20,2011764409
78ZZ0WB,2018-04-20,2011764409
78ZZ0WC,2018-04-20,2011764409
78ZZ0WD,2018-04-20,2011764409
78ZZ0WE,2018-04-20,2011764409
78ZZ0WF,2018-04-20,2011764409
7806008,2016-05-29,
7806008,2018-06-10,AL31F2
7806008,2016-05-29,
7806008,2019-06-10,AB38H6
7806054,2016-05-29,
7806054,2019-06-10,AB38H6
7806054,2018-06-10,AL31F2
7806054,2016-05-29,
7806074,2016-05-29,
7806074,2019-06-10,AB38H6
7806074,2016-05-29,
7806074,2018-06-10,AL31F2
7806079,2018-06-10,AL31F2
7806079,2016-05-29,
7806079,2019-06-10,AB38H6
7806079,2016-05-29,
7807635,2016-06-26,
7807635,2019-06-10,AB38H6
7807635,2016-06-26,
7807635,2018-06-10,AL31F2
7807637,2018-06-10,AL31F2
7807637,2016-06-26,
7807637,2019-06-10,AB38H6
7807637,2016-06-26,
7807654,2016-06-26,
7807654,2016-06-26,
7807654,2018-06-10,AL31F2
7807654,2019-06-10,AB38H6
7807657,2016-06-26,
7807657,2018-06-10,AL31F2
7807657,2016-06-26,
7807657,2019-06-10,AB38H6
7809035,2016-08-31,A740D4
7809035,2016-08-31,A740D4
7809035,2019-07-10,AV40FZ
7809035,2018-07-10,AX52GX
7809035,2020-07-10,A740D4
7809041,2018-07-10,AX52GX
7809041,2016-08-31,A740D4
7809041,2019-07-10,AV40FZ
7809041,2016-08-31,A740D4
7809041,2020-07-10,A740D4
7809048,2019-07-10,AV40FZ
7809048,2018-07-10,AX52GX
7809048,2016-08-31,A740D4
7809048,2020-07-10,A740D4
7809048,2016-08-31,A740D4
7809049,2019-07-10,AV40FZ
7809049,2016-08-31,A740D4
7809049,2020-07-10,A740D4
7809049,2016-08-31,A740D4
7809049,2018-07-10,AX52GX
7815682,2016-12-22,
7815682,2019-01-02,AS8PFB
7815682,2016-12-22,
7815688,2016-12-22,
7815688,2019-01-02,AS8PFB
7815688,2016-12-22,
7815724,2016-12-22,
7815724,2019-01-02,AS8PFB
7815724,2016-12-22,
7815726,2016-12-22,
7815726,2016-12-22,
7815726,2019-01-02,AS8PFB
7835539,2019-02-23,AN2TBT
7847818,2018-10-15,AL99DV
7847831,2018-10-15,AL99DV
7847847,2018-10-15,AL99DV
7849484,2018-10-15,AL99DV
7871989,2018-02-23,
7871989,2018-02-23,
7871989,2019-02-23,AN2TBT
7871992,2018-02-23,
7871992,2019-02-23,AN2TBT
7871992,2018-02-23,
7872116,2018-02-23,
7872116,2018-02-23,
7872116,2019-02-23,AN2TBT
7872229,2018-04-16,
7872229,2019-04-16,AL42KR
7872229,2020-04-16,A62LD9
7872229,2018-04-16,
7872230,2018-04-16,AY2KJ2
7872230,2018-04-16,AY2KJ2
7872230,2019-04-16,AR3TJV
7872444,2018-04-16,
7872444,2018-04-16,
7872444,2019-04-16,AL42KR
7872445,2018-04-16,
7872445,2018-04-16,
7872445,2019-04-16,AL42KR
7872445,2020-04-16,A62LD9
7872448,2018-04-16,
7872448,2020-04-16,A62LD9
7872448,2019-04-16,AL42KR
7872448,2018-04-16,
7872454,2018-04-16,AY2KJ2
7872454,2019-04-16,AR3TJV
7872454,2018-04-16,AY2KJ2
7872455,2018-04-16,AY2KJ2
7872455,2019-04-16,AR3TJV
7872455,2018-04-16,AY2KJ2
7873409,2018-04-16,AY2KJ2
7873409,2019-04-16,AR3TJV
7873409,2018-04-16,AY2KJ2
7875421,2019-04-16,AL42KR
7875421,2018-04-16,
7875421,2018-04-16,
7875425,2018-04-16,
7875425,2019-04-16,AL42KR
7875425,2018-04-16,
7875427,2018-04-16,
7875427,2018-04-16,
7875427,2019-04-16,AL42KR
7875428,2019-04-16,AL42KR
7875428,2018-04-16,
7875428,2020-04-16,A62LD9
7875428,2018-04-16,
7875430,2018-04-16,
7875430,2018-04-16,
7875430,2019-04-16,AL42KR
7875432,2018-04-16,
7875432,2019-04-16,AL42KR
7875432,2018-04-16,
7875433,2018-04-16,
7875433,2018-04-16,
7875433,2019-04-16,AL42KR
7875467,2019-04-16,AL42KR
7875467,2018-04-16,
7875467,2018-04-16,
7880041,2018-06-18,
7880041,2019-06-18,A762CT
7880041,2018-06-18,
7880089,2018-06-18,
7880089,2019-06-18,A762CT
7880089,2018-06-18,
7880106,2019-06-18,A762CT
7880106,2018-06-18,
7880106,2018-06-18,
7880155,2018-06-18,
7880155,2018-06-18,
7880155,2019-06-18,A762CT
78ZZ0VE,2017-03-08,
78ZZ0VE,2019-04-13,A028H4
78ZZ0VE,2017-03-08,
78ZZ0W7,2017-03-08,
78ZZ0W7,2019-04-13,A028H4
78ZZ0W7,2017-03-08,
78ZZ0W8,2017-03-08,
78ZZ0W8,2017-03-08,
78ZZ0W8,2019-04-13,A028H4
78ZZ0WB,2019-04-13,A028H4
78ZZ0WB,2017-03-08,
78ZZ0WB,2017-03-08,
78ZZ0WC,2017-03-08,
78ZZ0WC,2017-03-08,
78ZZ0WC,2019-04-13,A028H4
78ZZ0WD,2017-03-08,
78ZZ0WD,2017-03-08,
78ZZ0WD,2019-04-13,A028H4
78ZZ0WE,2017-03-08,
78ZZ0WE,2019-04-13,A028H4
78ZZ0WE,2017-03-08,
78ZZ0WF,2017-03-08,
78ZZ0WF,2017-03-08,
78ZZ0WF,2019-04-13,A028H4
78A0D2A,2023-06-01,A532G4
7807179,2018-06-10,AL31F2
7807179,2016-06-26,
7807179,2019-06-10,AB38H6
7807179,2016-06-26,
7807446,2018-06-10,AL31F2
7807446,2016-05-29,
7807446,2019-06-10,AB38H6
7807446,2016-05-29,
7808463,2016-07-10,A740D4
7808463,2020-07-10,A740D4
7808463,2016-07-10,A740D4
7808463,2019-07-10,AV40FZ
7808463,2018-07-10,AX52GX
7821284,2016-12-22,
7821284,2019-01-02,AS8PFB
7821284,2016-12-22,
7834400,2019-02-23,AN2TBT
7849939,2018-10-15,AL99DV
7865667,2018-04-16,
7865667,2019-04-16,AL42KR
7865667,2018-04-16,
7865679,2018-04-16,AY2KJ2
7865679,2019-04-16,AR3TJV
7865679,2018-04-16,AY2KJ2
7865727,2018-04-16,
7865727,2018-04-16,
7865727,2019-04-16,AL42KR
7865837,2018-04-16,
7865837,2018-04-16,
7865837,2019-04-16,AL42KR
7865837,2020-04-16,A62LD9
7883708,2018-06-18,
7883708,2019-06-18,A762CT
7883708,2018-06-18,
78ZZ0MM,2019-04-13,A028H4
78ZZ0MM,2017-04-13,
78ZZ0MM,2017-04-13,
78ZZ0MN,2017-04-13,
78ZZ0MN,2019-04-13,A028H4
78ZZ0MN,2017-04-13,
004570A,2019-02-17,
004570A,2019-02-17,
004571A,2019-02-23,
004571A,2019-02-23,
005F4CA,2020-01-05,
005F4CA,2020-01-05,
005F4DA,2020-01-05,
005F4DA,2020-01-05,
00LM0YL,2019-01-02,A2BM0T
00LM0YL,2019-01-02,A2BM0T
00LM0YZ,2019-01-02,A2BM0T
00LM0YZ,2019-01-02,A2BM0T
00456FA,2019-02-17,
00456FA,2019-02-17,
00358DD,2017-02-17,AP1WG4
00358DD,2017-02-17,AP1WG4
10259FE,2018-05-27,AL5GJK
10259FR,2018-05-27,AL5GJK
10259FV,2018-05-27,AF5GHC
10259FW,2018-05-27,AF5GHC
009EE5G,2017-02-17,
009EE5G,2017-02-17,
00BD2CG,2018-01-05,
00BD2CG,2018-01-05,
00358DD,2019-02-17,
00358DD,2019-02-17,
002720X,2017-02-17,AP1WG4
002720X,2017-02-17,AP1WG4
06ZVPB7,2017-03-27,
06ZVPB7,2017-03-27,
06ZVPB8,2017-03-27,
06ZVPB8,2017-03-27,
06ZVPC0,2017-03-27,
06ZVPC0,2017-03-27,
06ZVPC2,2017-03-27,
06ZVPC2,2017-03-27,
10LAGTG,2023-05-17,A532G4
78GHKBG,2021-05-17,A532G4
78A0D2A,2025-06-02,
78A0D3A,2025-06-02,
78A0D4A,2025-06-02,
